{
	"등산": [
		0.46595302333765404,
		0.0,
		1.0,
		0.503167166858785
	],
	"무에타이": [
		0.0,
		1.0,
		1.0,
		0.4807327292800704
	],
	"클라이밍": [
		0.465495259089039,
		0.37361246128483083,
		1.0,
		0.5185748163016786
	],
	"수상스키": [
		0.4658433720884112,
		0.6855099033608344,
		1.0,
		0.5486495016606022
	],
	"스키": [
		0.5556249118196919,
		0.0,
		0.6007885767850316,
		0.4931409344067893
	],
	"배드민턴": [
		0.578158324254369,
		0.0,
		0.3811297446216171,
		0.46162024808981716
	],
	"요가": [
		0.4679684324731199,
		0.0,
		0.4420628383211234,
		0.4743405138959177
	],
	"헬스": [
		0.42378438303306315,
		0.0,
		0.5466411480585872,
		0.5027287788719315
	],
	"다꾸": [
		0.0,
		0.496077739331026,
		0.3020314360562414,
		0.5999127509202884
	],
	"유튜버되기": [
		0.5901309949700322,
		0.3536008912737884,
		0.44907036229579483,
		0.4196678268349776
	],
	"풍경사진찍기": [
		0.47990870551130194,
		0.5991150240583215,
		0.3125707081485304,
		0.46020216234470535
	],
	"하늘사진찍기": [
		0.5259563216791453,
		0.0,
		1.0,
		0.627182959329336
	],
	"카톡이모티콘만들기": [
		0.0,
		0.7717319716777115,
		0.4533044895616062,
		0.4733938927122343
	],
	"블로그쓰기": [
		0.4956159565041533,
		0.5689682025745283,
		0.4327461704852564,
		0.5618968983934104
	],
	"홈카페": [
		0.5510589145265747,
		0.0,
		1.0,
		0.40439606664506805
	],
	"연극보기": [
		0.0,
		0.530114845617958,
		0.42969607335039134,
		0.5173710332601421
	],
	"전시회구경": [
		0.5073216778083429,
		0.500130524429432,
		0.3572026900349516,
		0.438419936626848
	],
	"노래녹음하기": [
		0.5834759600041268,
		0.0,
		1.0,
		0.5693502942740538
	],
	"바이닐수집": [
		0.0,
		0.5041840748260423,
		0.3663848573990999,
		0.49797435967824133
	],
	"과일청담그기": [
		0.5181812940658447,
		0.0,
		1.0,
		0.4624804758527133
	]
}